Адрес дома;Номер подъезда;Код домофона 1;Код домофона 2
г. Москва, п. Внуково, ул. Рейсовая 1-я, д. 1/21;1;;6193,в7в0703
г. Москва, п. Внуково, ул. Рейсовая 1-я, д. 1/21;2;;в100в9354,в13в0726
г. Москва, п. Внуково, ул. Рейсовая 1-я, д. 5;1;;в98в8793
г. Москва, п. Внуково, ул. Рейсовая 2-я, д. 25;1;;7859,24в
г. Москва, п. Внуково, ул. Рейсовая 2-я, д. 25;2;;в62в7346в,1234
г. Москва, п. Внуково, ул. Рейсовая 2-я, д. 25;3;;7859
г. Москва, п. Внуково, ул. Рейсовая 2-я, д. 25;4;;1451643
г. Москва, п. Внуково, ул. Рейсовая 2-я, д. 25а;1;;7439в
г. Москва, п. Внуково, ул. Рейсовая 2-я, д. 25а;2;;66к1942
г. Москва, п. Внуково, ул. Рейсовая 2-я, д. 25а;3;;5678
г. Москва, п. Внуково, ул. Рейсовая 2-я, д. 25а;4;;2735
г. Москва, п. Внуково, ул. Рейсовая 2-я, д. 25б;1;;2551,в25в4080в
г. Москва, п. Внуково, ул. Рейсовая 2-я, д. 25б;2;;133к2197
г. Москва, п. Внуково, ул. Рейсовая 2-я, д. 25б;3;176  К  7297;180к4658
г. Москва, п. Внуково, ул. Рейсовая 2-я, д. 25б;4;;236к7280
г. Москва, п. Внуково, ул. Рейсовая 2-я, д. 8/29;1;;7439
г. Москва, п. Внуково, ул. Рейсовая 2-я, д. 8/29;2;;в97в1629
г. Москва, ул. Авиаконструктора Петлякова(п Внуковское), д. 13, к. 1;2;;299 в,128в
г. Москва, ул. Аэрофлотская, д. 2/5;2;;30в,39в
г. Москва, ул. Внуковская Б., д. 1;1;;2601
г. Москва, ул. Внуковская Б., д. 1;3;;2603
г. Москва, ул. Внуковская Б., д. 1;4;;2604
г. Москва, ул. Внуковская Б., д. 14;3;;1234
г. Москва, ул. Внуковская Б., д. 18;3;;16*2566,17*3272
г. Москва, ул. Внуковская Б., д. 19/8;1;в42в1205в;
г. Москва, ул. Внуковская Б., д. 23;2;;2118*
г. Москва, ул. Внуковская Б., д. 23;3;;5211
г. Москва, ул. Внуковская Б., д. 27;1;;1234
г. Москва, ул. Внуковская Б., д. 27;2;;1234
г. Москва, ул. Внуковская Б., д. 27;3;;1234
г. Москва, ул. Внуковская Б., д. 3;1;;1234
г. Москва, ул. Внуковская Б., д. 3;3;;1234
г. Москва, ул. Внуковская Б., д. 3;4;;64в,75в
г. Москва, ул. Внуковская Б., д. 5;3;;2589
г. Москва, ул. Внуковская Б., д. 5;4;;5869
г. Москва, ул. Внуковская Б., д. 7;1;;в99в3780
г. Москва, ул. Внуковская Б., д. 9;1;;2012
г. Москва, ул. Изваринская, д. 2;1;;25 в
г. Москва, ул. Изваринская, д. 2;2;;65в,115в,127в
г. Москва, ул. Летчика Ульянина (п Внуковское), д. 2;1;;#3972,р3972
г. Москва, ул. Летчика Ульянина (п Внуковское), д. 2;2;;#3972,3972,р3972,3972
г. Москва, ул. Летчика Ульянина (п Внуковское), д. 2;3;;р3972,#3972
г. Москва, ул. Летчика Ульянина (п Внуковское), д. 2;4;;#3972,39702
г. Москва, ул. Летчика Ульянина (п Внуковское), д. 2;5;;*#3972,*#3972
г. Москва, ул. Летчика Ульянина (п Внуковское), д. 2;6;;#*3972,3972
г. Москва, ул. Летчика Ульянина (п Внуковское), д. 2;7;;з3972р,*р3972,#3972
г. Москва, ул. Летчика Ульянина (п Внуковское), д. 2;8;;р3972,#3972
г. Москва, ул. Рассказовская, д. 20;1;;1480в,1480
г. Москва, ул. Рассказовская, д. 22;1;;16в,б17б3421б
г. Москва, ул. Рассказовская, д. 24;1;;77к5535,45к7632,63к2806,45к1828,78к9672,8к8017,64к5619,83к7756
г. Москва, ул. Рассказовская, д. 26;1;;5295в
г. Москва, ул. Рассказовская, д. 28;1;;71к2347,63к5949
г. Москва, ул. Рассказовская, д. 30;1;76к1818;67к7127,26к9513,33к6256,57к8460,80к1340,57к1263,80к7537,13к2710,2к4889,80 к 1340,23к2556,83к1671,65к7440,77к5254
